strategy_id,asset,family,gross_sr,net_sr_18bp,trades_yr,cost_drag_pct,T
BTC_sma_10_100,BTC,sma_cross,1.3706155747487432,1.3604024679844353,1.9472727272727275,0.07888837945011247,2200
BTC_sma_10_150,BTC,sma_cross,1.482880349511268,1.477410946107888,1.030909090909091,0.03080294630587448,2200
BTC_sma_10_200,BTC,sma_cross,1.1711301039715567,1.1631473853854082,1.4890909090909092,0.12220636900229566,2200
BTC_sma_10_300,BTC,sma_cross,0.8729644013310565,0.8646748357189796,1.4890909090909092,0.35698121751820105,2200
BTC_sma_20_100,BTC,sma_cross,1.4576770366281564,1.45024843430279,1.4890909090909092,0.04491850278328159,2200
BTC_sma_20_150,BTC,sma_cross,1.3629914924003224,1.3576555710874718,1.030909090909091,0.042582357370614124,2200
BTC_sma_20_200,BTC,sma_cross,1.1473002400035286,1.1420433520305584,1.030909090909091,0.09013587241226459,2200
BTC_sma_20_300,BTC,sma_cross,0.8876609729755306,0.8806104700659585,1.26,0.28623975765751647,2200
BTC_sma_50_100,BTC,sma_cross,1.1899398073918024,1.1812714459095652,1.7181818181818183,0.11715750333144909,2200
BTC_sma_50_150,BTC,sma_cross,1.0184031674247698,1.0131744729204126,1.030909090909091,0.1263675908241288,2200
BTC_sma_50_200,BTC,sma_cross,0.9331278765115987,0.927897523661994,1.030909090909091,0.17272517056990097,2200
BTC_sma_50_300,BTC,sma_cross,0.48270602295149573,0.4773573901626408,1.030909090909091,1.06589980872654,2200
BTC_sma_100_150,BTC,sma_cross,0.7061450368862088,0.7000574137153496,1.26,0.44993626974002365,2200
BTC_sma_100_200,BTC,sma_cross,0.6460946643292294,0.641048827375506,1.030909090909091,0.4756440209305701,2200
BTC_sma_100_300,BTC,sma_cross,0.6457953669831742,0.640096870371378,1.030909090909091,0.542120676431286,2200
BTC_rsi_2_20_50,BTC,rsi_meanrev,0.5055738434811672,0.20463420527546222,55.2109090909091,51.968892529615175,2200
BTC_rsi_2_20_60,BTC,rsi_meanrev,0.6827225438889213,0.42808128921464034,49.48363636363637,20.879028617789487,2200
BTC_rsi_2_20_70,BTC,rsi_meanrev,0.7212162319472535,0.5409870717226841,38.02909090909091,12.337647862406206,2200
BTC_rsi_2_25_50,BTC,rsi_meanrev,0.44488711237025413,0.14016244524529392,57.50181818181819,71.72410270603767,2200
BTC_rsi_2_25_60,BTC,rsi_meanrev,0.6276704262086484,0.3677711970514881,51.77454545454546,26.449513965791244,2200
BTC_rsi_2_25_70,BTC,rsi_meanrev,0.6376457057037259,0.45794992434737897,38.71636363636364,17.34991671151782,2200
BTC_rsi_2_30_50,BTC,rsi_meanrev,0.5621777436149623,0.2560547800819051,59.33454545454546,41.21796921350764,2200
BTC_rsi_2_30_60,BTC,rsi_meanrev,0.7088549274646998,0.4466985186423412,52.92,19.153243721092416,2200
BTC_rsi_2_30_70,BTC,rsi_meanrev,0.7630527456034671,0.5831768573786006,39.403636363636366,10.227917156640714,2200
BTC_rsi_5_20_50,BTC,rsi_meanrev,-0.01940125587568356,-0.16978374940092925,19.129090909090912,30060.000000000004,2200
BTC_rsi_5_20_60,BTC,rsi_meanrev,0.16815792912603134,0.04063977600492082,17.754545454545458,283.99470953090287,2200
BTC_rsi_5_20_70,BTC,rsi_meanrev,0.08639773107981086,-0.009333828158569561,15.463636363636365,24300.0,2200
BTC_rsi_5_25_50,BTC,rsi_meanrev,-0.16811422214645025,-0.3302995035037389,22.565454545454546,35460.0,2200
BTC_rsi_5_25_60,BTC,rsi_meanrev,0.04111895745386751,-0.09800254025355475,20.961818181818185,32940.0,2200
BTC_rsi_5_25_70,BTC,rsi_meanrev,0.027825735780181503,-0.07732312508566148,17.983636363636364,28260.000000000004,2200
BTC_rsi_5_30_50,BTC,rsi_meanrev,0.04984815641976092,-0.13620905599313327,27.37636363636364,43020.00000000001,2200
BTC_rsi_5_30_60,BTC,rsi_meanrev,0.17258598122670543,0.01999638163938122,24.398181818181822,526.0981141879173,2200
BTC_rsi_5_30_70,BTC,rsi_meanrev,0.15402614324023847,0.037349331641524944,20.732727272727274,32580.0,2200
BTC_rsi_14_20_50,BTC,rsi_meanrev,-0.2608932730328059,-0.29713390858992494,2.9781818181818185,4679.999999999999,2200
BTC_rsi_14_20_60,BTC,rsi_meanrev,-0.3181065593034559,-0.34492609794609846,2.7490909090909095,4320.0,2200
BTC_rsi_14_20_70,BTC,rsi_meanrev,-0.2589593944537455,-0.27906095691470834,2.52,3959.9999999999995,2200
BTC_rsi_14_25_50,BTC,rsi_meanrev,-0.15015860563427993,-0.19332011118739564,4.581818181818182,7200.0,2200
BTC_rsi_14_25_60,BTC,rsi_meanrev,-0.06927318981509957,-0.10352310912601649,4.3527272727272734,6840.000000000001,2200
BTC_rsi_14_25_70,BTC,rsi_meanrev,-0.049823253731208626,-0.07517894622893644,3.894545454545455,6120.0,2200
BTC_rsi_14_30_50,BTC,rsi_meanrev,-0.21392506293415425,-0.2645056296043809,6.185454545454546,9719.999999999998,2200
BTC_rsi_14_30_60,BTC,rsi_meanrev,0.009289490269267333,-0.029287057088248036,5.498181818181819,8640.0,2200
BTC_rsi_14_30_70,BTC,rsi_meanrev,0.22712177940400108,0.19734419821067914,5.04,35.33187105059146,2200
BTC_rsi_21_20_50,BTC,rsi_meanrev,-0.5489750800797438,-0.5637339886061314,1.1454545454545455,1800.0,2200
BTC_rsi_21_20_60,BTC,rsi_meanrev,-0.3281922641199679,-0.33941074721015024,1.1454545454545455,1800.0,2200
BTC_rsi_21_20_70,BTC,rsi_meanrev,-0.1780098978268873,-0.18651370203138912,1.1454545454545455,1800.0,2200
BTC_rsi_21_25_50,BTC,rsi_meanrev,-0.5411458697581985,-0.55871551887687,1.6036363636363637,2520.0,2200
BTC_rsi_21_25_60,BTC,rsi_meanrev,-0.431107956911677,-0.4426974451960606,1.3745454545454547,2160.0,2200
BTC_rsi_21_25_70,BTC,rsi_meanrev,-0.2719598242527936,-0.28107468625826354,1.3745454545454547,2160.0,2200
BTC_rsi_21_30_50,BTC,rsi_meanrev,-0.12141334731244412,-0.1531668292670338,3.4363636363636365,5399.999999999999,2200
BTC_rsi_21_30_60,BTC,rsi_meanrev,-0.11035584256700848,-0.12882497785877575,2.7490909090909095,4320.0,2200
BTC_rsi_21_30_70,BTC,rsi_meanrev,-0.029483819653735675,-0.044147392941136995,2.290909090909091,3600.0,2200
BTC_mom_21,BTC,momentum,0.9317941476388567,0.813577900542389,23.023636363636367,3.933507626270917,2200
BTC_mom_63,BTC,momentum,1.1235183249143517,1.0831985440806369,8.132727272727273,0.6736739995652274,2200
BTC_mom_126,BTC,momentum,1.1629738992764211,1.1372241359189639,5.154545454545455,0.3811973908231606,2200
BTC_mom_252,BTC,momentum,0.8962034466710843,0.869426150047813,4.925454545454546,1.0632789894949464,2200
BTC_brk_20,BTC,breakout,0.7783093474012233,0.41765355776458835,42.6109090909091,26.775711924571905,2200
BTC_brk_55,BTC,breakout,0.7522301260849401,0.4584276571148743,31.38545454545455,24.482914203256694,2200
BTC_brk_100,BTC,breakout,0.7580571729453784,0.4840284277414679,28.17818181818182,22.875379928812293,2200
ETH_sma_10_100,ETH,sma_cross,1.2439005653600206,1.2318354256294544,1.9472727272727275,0.20462006945613345,2200
ETH_sma_10_150,ETH,sma_cross,1.1292222303393291,1.1211171556183233,1.26,0.1966262439703137,2200
ETH_sma_10_200,ETH,sma_cross,1.145656473064291,1.140525840759574,0.8018181818181819,0.11963559691854125,2200
ETH_sma_10_300,ETH,sma_cross,0.8588686444484368,0.8552225006958377,0.5727272727272728,0.19168035016683183,2200
ETH_sma_20_100,ETH,sma_cross,1.096159649411207,1.0858957092881487,1.7181818181818183,0.25286732250144117,2200
ETH_sma_20_150,ETH,sma_cross,1.077511260867906,1.070826072706689,1.030909090909091,0.182688435115737,2200
ETH_sma_20_200,ETH,sma_cross,1.0158618010055058,1.0091594611049997,1.030909090909091,0.21308944350011935,2200
ETH_sma_20_300,ETH,sma_cross,0.7599705600796571,0.7563177102382374,0.5727272727272728,0.2546092889861578,2200
ETH_sma_50_100,ETH,sma_cross,0.8377669957301369,0.8298426322025878,1.26,0.39252915989080117,2200
ETH_sma_50_150,ETH,sma_cross,0.8544882416490924,0.8480793410381106,1.030909090909091,0.32469822959862765,2200
ETH_sma_50_200,ETH,sma_cross,0.8242093062198109,0.8193922751411747,0.8018181818181819,0.26076297021049405,2200
ETH_sma_50_300,ETH,sma_cross,0.5164802258170841,0.5129481497770344,0.5727272727272728,0.5818981684383179,2200
ETH_sma_100_150,ETH,sma_cross,0.9956019040121851,0.9906736326964057,0.8018181818181819,0.15326507325702385,2200
ETH_sma_100_200,ETH,sma_cross,0.5903346690887559,0.5855102019055488,0.8018181818181819,0.5780027820770655,2200
ETH_sma_100_300,ETH,sma_cross,0.20860874161849774,0.20508713501847464,0.5727272727272728,5.40034315608366,2200
ETH_rsi_2_20_50,ETH,rsi_meanrev,-0.4160954151544323,-0.66373133167246,55.78363636363637,87659.99999999999,2200
ETH_rsi_2_20_60,ETH,rsi_meanrev,-0.2705061855538416,-0.47525023204467537,49.59818181818182,77940.0,2200
ETH_rsi_2_20_70,ETH,rsi_meanrev,-0.20888822191972914,-0.3753249611114612,42.26727272727273,66420.0,2200
ETH_rsi_2_25_50,ETH,rsi_meanrev,-0.3890539490398464,-0.6457664899026856,58.53272727272728,91980.0,2200
ETH_rsi_2_25_60,ETH,rsi_meanrev,-0.25912114148658816,-0.4708853806608074,51.660000000000004,81180.0,2200
ETH_rsi_2_25_70,ETH,rsi_meanrev,-0.19418039039480905,-0.36582561262644114,43.870909090909095,68940.0,2200
ETH_rsi_2_30_50,ETH,rsi_meanrev,-0.35707519678895755,-0.6228615017748698,61.28181818181819,96300.0,2200
ETH_rsi_2_30_60,ETH,rsi_meanrev,-0.2695348395864334,-0.4856729241746952,53.03454545454546,83340.0,2200
ETH_rsi_2_30_70,ETH,rsi_meanrev,-0.20783206448810992,-0.38021984109848206,44.329090909090915,69660.00000000001,2200
ETH_rsi_5_20_50,ETH,rsi_meanrev,-0.7368252470297416,-0.8553214559397121,22.33636363636364,35099.99999999999,2200
ETH_rsi_5_20_60,ETH,rsi_meanrev,-0.7383095221159219,-0.8362628187545853,20.503636363636364,32220.000000000004,2200
ETH_rsi_5_20_70,ETH,rsi_meanrev,-0.6917936705783959,-0.7762816914742632,18.441818181818185,28980.0,2200
ETH_rsi_5_25_50,ETH,rsi_meanrev,-0.7917299049785651,-0.9135665446338985,23.94,37620.0,2200
ETH_rsi_5_25_60,ETH,rsi_meanrev,-0.7295769577811623,-0.8305655249996848,21.87818181818182,34380.0,2200
ETH_rsi_5_25_70,ETH,rsi_meanrev,-0.6775985777034922,-0.7647890183428794,19.58727272727273,30779.999999999996,2200
ETH_rsi_5_30_50,ETH,rsi_meanrev,-0.8391181804054849,-0.9661329334051849,26.46,41579.99999999999,2200
ETH_rsi_5_30_60,ETH,rsi_meanrev,-0.7158668932636449,-0.8228005930294597,23.710909090909094,37260.0,2200
ETH_rsi_5_30_70,ETH,rsi_meanrev,-0.643670518180905,-0.7366563072791844,21.42,33660.0,2200
ETH_rsi_14_20_50,ETH,rsi_meanrev,-0.8582035203816668,-0.882982435238053,3.894545454545455,6120.0,2200
ETH_rsi_14_20_60,ETH,rsi_meanrev,-0.6779604343600053,-0.7013718058210168,3.894545454545455,6120.0,2200
ETH_rsi_14_20_70,ETH,rsi_meanrev,-0.933375432306066,-0.9451373378878081,2.52,3960.0,2200
ETH_rsi_14_25_50,ETH,rsi_meanrev,-0.9038202132565608,-0.9319995899934568,5.154545454545455,8100.0,2200
ETH_rsi_14_25_60,ETH,rsi_meanrev,-0.7509219320789459,-0.7778189410347761,5.154545454545455,8100.0,2200
ETH_rsi_14_25_70,ETH,rsi_meanrev,-0.9030905330621708,-0.9180398372226266,3.3218181818181822,5220.0,2200
ETH_rsi_14_30_50,ETH,rsi_meanrev,-0.8623581719428071,-0.8986995997886602,7.216363636363637,11340.0,2200
ETH_rsi_14_30_60,ETH,rsi_meanrev,-0.7866380758996501,-0.8194442019241045,6.758181818181819,10620.0,2200
ETH_rsi_14_30_70,ETH,rsi_meanrev,-0.9199341193916362,-0.9390845413375344,4.467272727272728,7020.000000000002,2200
ETH_rsi_21_20_50,ETH,rsi_meanrev,-0.4043639554201243,-0.42088500135988144,2.290909090909091,3600.0,2200
ETH_rsi_21_20_60,ETH,rsi_meanrev,-0.895075093353695,-0.9048704566347635,1.6036363636363637,2520.0,2200
ETH_rsi_21_20_70,ETH,rsi_meanrev,-1.0188964944389005,-1.0240664089436655,1.1454545454545455,1800.0,2200
ETH_rsi_21_25_50,ETH,rsi_meanrev,-0.5410381511110073,-0.5623765390588688,3.5509090909090912,5580.0,2200
ETH_rsi_21_25_60,ETH,rsi_meanrev,-0.7886834219821574,-0.8021160997053117,2.6345454545454547,4140.000000000001,2200
ETH_rsi_21_25_70,ETH,rsi_meanrev,-1.0039777879903329,-1.010363338113911,1.4890909090909092,2340.0,2200
ETH_rsi_21_30_50,ETH,rsi_meanrev,-0.5791586553851795,-0.6032776159484982,4.238181818181818,6660.000000000001,2200
ETH_rsi_21_30_60,ETH,rsi_meanrev,-0.7366179711304865,-0.7528098823191033,3.3218181818181822,5220.0,2200
ETH_rsi_21_30_70,ETH,rsi_meanrev,-0.9980423561101089,-1.0050353929195621,1.7181818181818183,2700.0,2200
ETH_mom_21,ETH,momentum,0.8420682742605855,0.7470745385651901,16.952727272727273,4.599691973876542,2200
ETH_mom_63,ETH,momentum,1.3602553162801079,1.330075929320206,4.696363636363637,0.36484349517593656,2200
ETH_mom_126,ETH,momentum,1.0767045671579318,1.0526269395692822,3.7800000000000002,0.6233476717741545,2200
ETH_mom_252,ETH,momentum,0.5990722587559404,0.592810346805174,1.030909090909091,0.7325380812243245,2200
ETH_brk_20,ETH,breakout,0.3484704104178145,-0.04288676104552992,37.800000000000004,121.8838988166504,2200
ETH_brk_55,ETH,breakout,0.792926293622677,0.46986570965892727,24.283636363636365,28.22095715882627,2200
ETH_brk_100,ETH,breakout,0.4716898222370503,0.15880797649470826,22.221818181818183,60.391847916040284,2200
SOL_sma_10_100,SOL,sma_cross,0.8186515761982415,0.795812362933758,4.467272727272728,1.113274470975918,2200
SOL_sma_10_150,SOL,sma_cross,0.5865471117497358,0.5724144235930219,2.6345454545454547,1.6886846625456635,2200
SOL_sma_10_200,SOL,sma_cross,0.8216106857138827,0.8066460850483671,2.6345454545454547,0.7865728444823111,2200
SOL_sma_10_300,SOL,sma_cross,1.1215638505064522,1.115554123254006,1.030909090909091,0.125296177327114,2200
SOL_sma_20_100,SOL,sma_cross,0.9085083764088194,0.8930958646782909,3.092727272727273,0.5338900157900329,2200
SOL_sma_20_150,SOL,sma_cross,0.5271282770450102,0.5142448287662713,2.4054545454545457,1.9931415685673477,2200
SOL_sma_20_200,SOL,sma_cross,0.8360012494660497,0.8263890013801114,1.7181818181818183,0.48569798418231624,2200
SOL_sma_20_300,SOL,sma_cross,1.089573498782247,1.0837395241253394,1.030909090909091,0.1352601690149287,2200
SOL_sma_50_100,SOL,sma_cross,0.6064953448447099,0.593117461629236,2.8636363636363638,1.4781384501596555,2200
SOL_sma_50_150,SOL,sma_cross,0.36982264006650367,0.360976576450685,1.7181818181818183,3.3083108711366562,2200
SOL_sma_50_200,SOL,sma_cross,0.718836742603711,0.709142623913538,1.7181818181818183,0.6988332079293429,2200
SOL_sma_50_300,SOL,sma_cross,1.0277629761295097,1.0245433741202332,0.5727272727272728,0.08836390588218934,2200
SOL_sma_100_150,SOL,sma_cross,0.2959267446827769,0.28398542893349044,2.4054545454545457,8.605375839353854,2200
SOL_sma_100_200,SOL,sma_cross,1.1012774705419186,1.0933747823190643,1.4890909090909092,0.1492908542607694,2200
SOL_sma_100_300,SOL,sma_cross,0.9136113097554237,0.9103387485200282,0.5727272727272728,0.12675923628015345,2200
SOL_rsi_2_20_50,SOL,rsi_meanrev,0.7700928396746629,0.5218965036660512,58.647272727272735,12.821994516779553,2200
SOL_rsi_2_20_60,SOL,rsi_meanrev,0.628067737427183,0.4315060508836096,49.48363636363637,19.16785836733858,2200
SOL_rsi_2_20_70,SOL,rsi_meanrev,0.5953496143619275,0.4529129039996198,38.48727272727273,16.822338695113768,2200
SOL_rsi_2_25_50,SOL,rsi_meanrev,0.7979423128437978,0.545041645950361,60.938181818181825,11.496074611557889,2200
SOL_rsi_2_25_60,SOL,rsi_meanrev,0.6652919481608349,0.46461556632171536,51.08727272727273,16.332905889715782,2200
SOL_rsi_2_25_70,SOL,rsi_meanrev,0.6532719218054959,0.5080621824926285,39.403636363636366,12.649298953272151,2200
SOL_rsi_2_30_50,SOL,rsi_meanrev,0.8519740922025746,0.5897826839835748,63.91636363636364,9.410516980983706,2200
SOL_rsi_2_30_60,SOL,rsi_meanrev,0.6980283418274688,0.4936770847477589,52.46181818181819,14.21230120913263,2200
SOL_rsi_2_30_70,SOL,rsi_meanrev,0.6746747527849659,0.5278565783556141,40.09090909090909,11.466326843983573,2200
SOL_rsi_5_20_50,SOL,rsi_meanrev,-0.09374861922866534,-0.19368770511057248,18.327272727272728,28800.0,2200
SOL_rsi_5_20_60,SOL,rsi_meanrev,-0.04829075108285764,-0.13297339575427963,16.952727272727273,26640.000000000004,2200
SOL_rsi_5_20_70,SOL,rsi_meanrev,-0.010705998887556212,-0.08847683026784095,16.265454545454546,25560.0,2200
SOL_rsi_5_25_50,SOL,rsi_meanrev,0.023198134440818533,-0.09058617349543494,21.763636363636365,34200.0,2200
SOL_rsi_5_25_60,SOL,rsi_meanrev,0.03355389698411577,-0.060636019037452756,19.701818181818183,30959.999999999996,2200
SOL_rsi_5_25_70,SOL,rsi_meanrev,0.09367017602672334,0.009844608459272958,18.55636363636364,29159.999999999996,2200
SOL_rsi_5_30_50,SOL,rsi_meanrev,0.11258018263011457,-0.01668916177437005,26.345454545454547,41400.0,2200
SOL_rsi_5_30_60,SOL,rsi_meanrev,0.11479748798544412,0.011240909114971798,22.90909090909091,36000.0,2200
SOL_rsi_5_30_70,SOL,rsi_meanrev,0.05687996392420954,-0.030500310208492153,20.38909090909091,32040.000000000004,2200
SOL_rsi_14_20_50,SOL,rsi_meanrev,-0.1993280943944549,-0.22626995809722794,3.4363636363636365,5399.999999999999,2200
SOL_rsi_14_20_60,SOL,rsi_meanrev,-0.24986986732349137,-0.2712829529554814,3.2072727272727275,5040.0,2200
SOL_rsi_14_20_70,SOL,rsi_meanrev,-0.19465489702277006,-0.20729792158143934,2.52,3959.9999999999995,2200
SOL_rsi_14_25_50,SOL,rsi_meanrev,-0.30119505206978836,-0.3309872873996812,4.123636363636364,6480.0,2200
SOL_rsi_14_25_60,SOL,rsi_meanrev,-0.29339472211359624,-0.31777502228346893,3.894545454545455,6120.0,2200
SOL_rsi_14_25_70,SOL,rsi_meanrev,-0.2435482384418577,-0.2580356055657238,2.9781818181818185,4680.0,2200
SOL_rsi_14_30_50,SOL,rsi_meanrev,-0.12104557200216308,-0.15450596159389127,5.7272727272727275,9000.000000000002,2200
SOL_rsi_14_30_60,SOL,rsi_meanrev,-0.10060222445361151,-0.12944638914648476,5.498181818181819,8640.0,2200
SOL_rsi_14_30_70,SOL,rsi_meanrev,-0.05843723882791892,-0.07593696158135457,4.123636363636364,6480.0,2200
SOL_rsi_21_20_50,SOL,rsi_meanrev,-0.2882925448311868,-0.30203142387052223,1.832727272727273,2879.9999999999995,2200
SOL_rsi_21_20_60,SOL,rsi_meanrev,-0.09891513239594113,-0.10777122034097891,1.832727272727273,2879.9999999999995,2200
SOL_rsi_21_20_70,SOL,rsi_meanrev,0.10874646236990688,0.10042816910758647,1.832727272727273,2879.9999999999995,2200
SOL_rsi_21_25_50,SOL,rsi_meanrev,-0.35617680490962816,-0.3719148141504866,2.290909090909091,3600.0,2200
SOL_rsi_21_25_60,SOL,rsi_meanrev,-0.2032146749404925,-0.2128763390575888,2.061818181818182,3240.0,2200
SOL_rsi_21_25_70,SOL,rsi_meanrev,0.03696585470537291,0.02786855771855333,2.061818181818182,3240.0,2200
SOL_rsi_21_30_50,SOL,rsi_meanrev,-0.23939829024320247,-0.2628444892424676,3.665454545454546,5759.999999999999,2200
SOL_rsi_21_30_60,SOL,rsi_meanrev,-0.19207119715431167,-0.206356133530432,3.2072727272727275,5040.0,2200
SOL_rsi_21_30_70,SOL,rsi_meanrev,-0.019358439953585455,-0.030616657616778006,2.7490909090909095,4320.0,2200
SOL_mom_21,SOL,momentum,0.7668302319851666,0.6570175094327831,24.16909090909091,6.087775531596138,2200
SOL_mom_63,SOL,momentum,0.6307943136299088,0.5696437357957075,12.943636363636365,6.056482187091093,2200
SOL_mom_126,SOL,momentum,0.7375381865589229,0.7010794275115162,7.216363636363637,2.3723466324427793,2200
SOL_mom_252,SOL,momentum,0.9369741729003809,0.9060582384459861,5.154545454545455,1.130993988749014,2200
SOL_brk_20,SOL,breakout,0.34871891266432664,-0.013663704502173966,41.580000000000005,116.37079776152362,2200
SOL_brk_55,SOL,breakout,0.06161617223956485,-0.325091500010494,32.874545454545455,51659.99999999999,2200
SOL_brk_100,SOL,breakout,-0.012762272263143736,-0.3636949365826984,26.46,41579.99999999999,2200
